{
  "average_performance_by_task_id": {
    "HumanEval/0": 1.0,
    "HumanEval/102": 0.976647930506,
    "HumanEval/103": 0.893383458647,
    "HumanEval/104": 0.974054028391,
    "HumanEval/106": 0.769230769231,
    "HumanEval/107": 0.980066445183,
    "HumanEval/110": 0.978575894663,
    "HumanEval/111": 0.999891774892,
    "HumanEval/113": 0.432217714672,
    "HumanEval/118": 0.902252855733,
    "HumanEval/123": 0.953579993148,
    "HumanEval/126": 0.998634072818,
    "HumanEval/127": 0.927106778249,
    "HumanEval/132": 0.924123175029,
    "HumanEval/134": 0.995981695982,
    "HumanEval/135": 0.963272353929,
    "HumanEval/137": 0.994627473256,
    "HumanEval/140": 0.906730221969,
    "HumanEval/141": 0.975694993239,
    "HumanEval/145": 0.294666111856,
    "HumanEval/149": 0.921761808172,
    "HumanEval/150": 0.996279761905,
    "HumanEval/151": 0.975764036958,
    "HumanEval/154": 0.997917258355,
    "HumanEval/155": 0.985154061625,
    "HumanEval/156": 0.585804132974,
    "HumanEval/159": 0.902069365365,
    "HumanEval/160": 0.579242297009,
    "HumanEval/161": 0.954545454545,
    "HumanEval/2": 0.994866529774,
    "HumanEval/21": 0.671328969835,
    "HumanEval/22": 0.955349671249,
    "HumanEval/25": 0.979459191268,
    "HumanEval/29": 0.912410535356,
    "HumanEval/30": 0.999916833001,
    "HumanEval/31": 0.997753818509,
    "HumanEval/38": 0.950190166338,
    "HumanEval/39": 0.809523809524,
    "HumanEval/4": 0.971428571429,
    "HumanEval/40": 0.983169462117,
    "HumanEval/41": 0.97619047619,
    "HumanEval/46": 0.83703826587,
    "HumanEval/47": 0.9399,
    "HumanEval/49": 0.976070104483,
    "HumanEval/5": 0.985714285714,
    "HumanEval/52": 0.928571428571,
    "HumanEval/63": 0.871428571429,
    "HumanEval/65": 0.902265450861,
    "HumanEval/67": 0.942898312063,
    "HumanEval/69": 0.960445993031,
    "HumanEval/70": 0.97619047619,
    "HumanEval/73": 0.986111111111,
    "HumanEval/76": 0.933111556101,
    "HumanEval/78": 0.999810847874,
    "HumanEval/79": 0.991452991453,
    "HumanEval/81": 0.64393638171,
    "HumanEval/86": 0.922323203635,
    "HumanEval/87": 0.99460916442,
    "HumanEval/90": 0.998479875626,
    "HumanEval/94": 0.95813393742,
    "HumanEval/99": 0.960808461316
  },
  "excluded_perfect_task_ids": [
    "HumanEval/0"
  ],
  "rng_seed": 20260623,
  "source_metadata": {
    "model_name": "openrouter/openai/gpt-5-nano",
    "selected_id_count": 100,
    "selection_metric": "average perf",
    "selection_order": "ascending",
    "selection_setting": "all",
    "selection_sizes": [
      25,
      50,
      100
    ],
    "stats_settings": [
      "all",
      "direct",
      "enc-dec",
      "baseline",
      "non-baseline"
    ]
  },
  "source_path": "../nl-code/data/humaneval-dspy-sample-performance/humaneval_gpt5nano_worst_all_settings_sample_sets.json",
  "split_name": "humanevalplus_gpt5nano_nonperfect_stratified_v0",
  "task_ids_by_difficulty_bucket": {
    "nonperfect_not_50": [
      "HumanEval/102",
      "HumanEval/104",
      "HumanEval/107",
      "HumanEval/109",
      "HumanEval/110",
      "HumanEval/111",
      "HumanEval/112",
      "HumanEval/122",
      "HumanEval/124",
      "HumanEval/125",
      "HumanEval/126",
      "HumanEval/128",
      "HumanEval/134",
      "HumanEval/135",
      "HumanEval/137",
      "HumanEval/141",
      "HumanEval/144",
      "HumanEval/146",
      "HumanEval/148",
      "HumanEval/150",
      "HumanEval/151",
      "HumanEval/154",
      "HumanEval/155",
      "HumanEval/16",
      "HumanEval/2",
      "HumanEval/25",
      "HumanEval/27",
      "HumanEval/30",
      "HumanEval/31",
      "HumanEval/34",
      "HumanEval/4",
      "HumanEval/40",
      "HumanEval/41",
      "HumanEval/43",
      "HumanEval/49",
      "HumanEval/5",
      "HumanEval/54",
      "HumanEval/60",
      "HumanEval/68",
      "HumanEval/70",
      "HumanEval/73",
      "HumanEval/74",
      "HumanEval/78",
      "HumanEval/79",
      "HumanEval/87",
      "HumanEval/9",
      "HumanEval/90",
      "HumanEval/91",
      "HumanEval/99"
    ],
    "worst_25": [
      "HumanEval/145",
      "HumanEval/113",
      "HumanEval/48",
      "HumanEval/160",
      "HumanEval/156",
      "HumanEval/1",
      "HumanEval/163",
      "HumanEval/81",
      "HumanEval/108",
      "HumanEval/21",
      "HumanEval/120",
      "HumanEval/147",
      "HumanEval/106",
      "HumanEval/129",
      "HumanEval/39",
      "HumanEval/46",
      "HumanEval/63",
      "HumanEval/115",
      "HumanEval/93",
      "HumanEval/103",
      "HumanEval/50",
      "HumanEval/159",
      "HumanEval/118",
      "HumanEval/65",
      "HumanEval/140"
    ],
    "worst_50_not_25": [
      "HumanEval/29",
      "HumanEval/105",
      "HumanEval/149",
      "HumanEval/86",
      "HumanEval/95",
      "HumanEval/132",
      "HumanEval/55",
      "HumanEval/127",
      "HumanEval/52",
      "HumanEval/10",
      "HumanEval/53",
      "HumanEval/76",
      "HumanEval/47",
      "HumanEval/67",
      "HumanEval/77",
      "HumanEval/38",
      "HumanEval/64",
      "HumanEval/116",
      "HumanEval/123",
      "HumanEval/28",
      "HumanEval/161",
      "HumanEval/22",
      "HumanEval/94",
      "HumanEval/62",
      "HumanEval/69"
    ]
  },
  "task_ids_by_split": {
    "dev": [
      "HumanEval/123",
      "HumanEval/127",
      "HumanEval/132",
      "HumanEval/149",
      "HumanEval/161",
      "HumanEval/22",
      "HumanEval/29",
      "HumanEval/38",
      "HumanEval/47",
      "HumanEval/52",
      "HumanEval/67",
      "HumanEval/69",
      "HumanEval/76",
      "HumanEval/86",
      "HumanEval/94"
    ],
    "test": [
      "HumanEval/102",
      "HumanEval/104",
      "HumanEval/107",
      "HumanEval/110",
      "HumanEval/111",
      "HumanEval/126",
      "HumanEval/134",
      "HumanEval/135",
      "HumanEval/137",
      "HumanEval/141",
      "HumanEval/150",
      "HumanEval/151",
      "HumanEval/154",
      "HumanEval/155",
      "HumanEval/2",
      "HumanEval/25",
      "HumanEval/30",
      "HumanEval/31",
      "HumanEval/4",
      "HumanEval/40",
      "HumanEval/41",
      "HumanEval/49",
      "HumanEval/5",
      "HumanEval/70",
      "HumanEval/73",
      "HumanEval/78",
      "HumanEval/79",
      "HumanEval/87",
      "HumanEval/90",
      "HumanEval/99"
    ],
    "train": [
      "HumanEval/103",
      "HumanEval/106",
      "HumanEval/113",
      "HumanEval/118",
      "HumanEval/140",
      "HumanEval/145",
      "HumanEval/156",
      "HumanEval/159",
      "HumanEval/160",
      "HumanEval/21",
      "HumanEval/39",
      "HumanEval/46",
      "HumanEval/63",
      "HumanEval/65",
      "HumanEval/81"
    ]
  }
}